problem,0
" Early next year, Oregon experts will tackle how tosafely dispose of a mounting pile of obsolete computers,TVs and _____ electronics.", other
" Although this trip is a ____ and tiring day, it provides the mostcomprehensive introduction of Moscow's numerous attractions.", long
" The salary increase can be arguable , but its increment by acertain _____ will be inevitable as a morale booster.", extent
" Office and shop rental prices in the city rose by 4.7 percentlast year, the highest _____ increase since 1993.", annual
 It ____ to be seen whether the government-led financial systemcan transform itself into a market-driven one., remains
" Once decided, employer's decision shall not be _____ changedduring the term of employment.", subsequently
 We will _____ to our principles of providing excellent servicesfor our clients and I'm sure that this will lead to success as ithas done in my country., stick
 ESS products are represented and distributed throughout theworld with a total _____ to product quality., commitment
" With the _____ increase in corporate profitability and householdincome, consumption and investment outlays will increase, pushingthe economic growth rate higher.", expected
" Under this method, an equal portion of the initial cost of theasset is _____ to each period of use.", allocated
 State-run Korea Asset Management Corp. said yesterday it hasbeen paying back its debts _____ 330 billion won earlier thanscheduling., worth
" Prior to _____ any annuity, you should read the specificationcontract for complete provisions and details.", purchasing
 Any notice to the Landlord shall be _____ served if it isdelivered personally to the Landlord or sent by registered post tothe Landlord., sufficiently
" We _____ employees informed about changes that can directlyaffect them such as policy changes, procedure or rule changes, andproduct information changes.", keep
 We have used established principles to construct aquestionnaire that promises to be useful _____ measuringhealth-related quality of life., in
 The pharmaceutical companies are supposed to comply with therequests _____ the FDA to stop what the agency considers falseand misleading advertising., from
" Situated in Santa Clara, Calif., Extreme Networks markets itsnetwork switching solutions in ______ 50 countries.", more than
" After ______ as a stock analyst for the past ten years, Brownretired in order to concentrate on creating a new stock exchangesystem.", working
 You are kindly requested to make the money ______ to thehotel you are going to check into unless otherwise stated., payable
 This startling revision led some scientists to _____ that thereare simply not enough human genes to account for all the differentways people behave., conclude
" Another round of legal action should be considered against thetobacco companies, _____ irresponsibility is only inviting furtherrestrictions.", whose
" Because the prospect of owning an _____ business is soexhilarating, many entrepreneurs miss warning signals and stopsigns along the way.", established
" If a customer has a defective copier and needs a _____ part,Data Exchange can satisfy that request the next day.", replacement
 The sustainable position of these two sectors can be attributedto the fact that they are well _____ in the South African market., established
" Unfortunately, the coupon could _____ be used in the retailstores, forcing me to get out of the house.", only
" While on such a reduced assignment, the faculty memberreceives pro-rated salary and benefits, as mutually promised ______the employee and the college.", between
" The president has gone far beyond _____ limits, bothdisappointing his supporters and confusing his opponents.", tolerable
" After picking up your baggage, proceed to the customs areaand fill out a customs _____ form.", declaration
 The kennel must remain closed during the entire flight forsafety reasons and _____ a courtesy to other guests., as
" If your vehicle cannot be repaired immediately, it will be _____to a nearby garage, or one closer to your home of your choice,where you can arrange for repairs to be made.", taken
